ID,target
0,0.35
1,0.35
2,0.35
3,0.35
4,0.35
5,0.35
6,0.35
7,0.35
8,0.35
9,0.35
10,0.35
11,0.35
12,0.35
13,0.35
14,0.35
15,0.35
16,0.35
17,0.35
18,0.35
19,0.35
20,0.35
21,0.35
22,0.35
23,0.35
24,0.35
25,0.35
26,0.35
27,0.35
28,0.35
29,0.35
30,0.35
31,0.35
32,0.35
33,0.35
34,0.35
35,0.35
36,0.35
37,0.35
38,0.35
39,0.35
40,0.35
41,0.35
42,0.35
43,0.35
44,0.35
45,0.35
46,0.35
47,0.35
48,0.35
49,0.35
50,0.35
51,0.35
52,0.35
53,0.35
54,0.35
55,0.35
56,0.35
57,0.35
58,0.35
59,0.35
60,0.35
61,0.35
62,0.35
63,0.35
64,0.35
65,0.35
66,0.35
67,0.35
68,0.35
69,0.35
70,0.35
71,0.35
72,0.35
73,0.35
74,0.35
75,0.35
76,0.35
77,0.35
78,0.35
79,0.35
80,0.35
81,0.35
82,0.35
83,0.35
84,0.35
85,0.35
86,0.35
87,0.35
88,0.35
89,0.35
90,0.35
91,0.35
92,0.35
93,0.35
94,0.35
95,0.35
96,0.35
97,0.35
98,0.35
99,0.35
100,0.35
101,0.35
102,0.35
103,0.35
104,0.35
105,0.35
106,0.35
107,0.35
108,0.35
109,0.35
110,0.35
111,0.35
112,0.35
113,0.35
114,0.35
115,0.35
116,0.35
117,0.35
118,0.35
119,0.35
120,0.35
121,0.35
122,0.35
123,0.35
124,0.35
125,0.35
126,0.35
127,0.35
128,0.35
129,0.35
130,0.35
131,0.35
132,0.35
133,0.35
134,0.35
135,0.35
136,0.35
137,0.35
138,0.35
139,0.35
140,0.35
141,0.35
142,0.35
143,0.35
144,0.35
145,0.35
146,0.35
147,0.35
148,0.35
149,0.35
150,0.35
151,0.35
152,0.35
153,0.35
154,0.35
155,0.35
156,0.35
157,0.35
158,0.35
159,0.35
160,0.35
161,0.35
162,0.35
163,0.35
164,0.35
165,0.35
166,0.35
167,0.35
168,0.35
169,0.35
170,0.35
171,0.35
172,0.35
173,0.35
174,0.35
175,0.35
176,0.35
177,0.35
178,0.35
179,0.35
180,0.35
181,0.35
182,0.35
183,0.35
184,0.35
185,0.35
186,0.35
187,0.35
188,0.35
189,0.35
190,0.35
191,0.35
192,0.35
193,0.35
194,0.35
195,0.35
196,0.35
197,0.35
198,0.35
199,0.35
200,0.35
201,0.35
202,0.35
203,0.35
204,0.35
205,0.35
206,0.35
207,0.35
208,0.35
209,0.35
210,0.35
211,0.35
212,0.35
213,0.35
214,0.35
215,0.35
216,0.35
217,0.35
218,0.35
219,0.35
220,0.35
221,0.35
222,0.35
223,0.35
224,0.35
225,0.35
226,0.35
227,0.35
228,0.35
229,0.35
230,0.35
231,0.35
232,0.35
233,0.35
234,0.35
235,0.35
236,0.35
237,0.35
238,0.35
239,0.35
240,0.35
241,0.35
242,0.35
243,0.35
244,0.35
245,0.35
246,0.35
247,0.35
248,0.35
249,0.35
250,0.35
251,0.35
252,0.35
253,0.35
254,0.35
255,0.35
256,0.35
257,0.35
258,0.35
259,0.35
260,0.35
261,0.35
262,0.35
263,0.35
264,0.35
265,0.35
266,0.35
267,0.35
268,0.35
269,0.35
270,0.35
271,0.35
272,0.35
273,0.35
274,0.35
275,0.35
276,0.35
277,0.35
278,0.35
279,0.35
280,0.35
281,0.35
282,0.35
283,0.35
284,0.35
285,0.35
286,0.35
287,0.35
288,0.35
289,0.35
290,0.35
291,0.35
292,0.35
293,0.35
294,0.35
295,0.35
296,0.35
297,0.35
298,0.35
299,0.35
300,0.35
301,0.35
302,0.35
303,0.35
304,0.35
305,0.35
306,0.35
307,0.35
308,0.35
309,0.35
310,0.35
311,0.35
312,0.35
313,0.35
314,0.35
315,0.35
316,0.35
317,0.35
318,0.35
319,0.35
320,0.35
321,0.35
322,0.35
323,0.35
324,0.35
325,0.35
326,0.35
327,0.35
328,0.35
329,0.35
330,0.35
331,0.35
332,0.35
333,0.35
334,0.35
335,0.35
336,0.35
337,0.35
338,0.35
339,0.35
340,0.35
341,0.35
342,0.35
343,0.35
344,0.35
345,0.35
346,0.35
347,0.35
348,0.35
349,0.35
350,0.35
351,0.35
352,0.35
353,0.35
354,0.35
355,0.35
356,0.35
357,0.35
358,0.35
359,0.35
360,0.35
361,0.35
362,0.35
363,0.35
364,0.35
365,0.35
366,0.35
367,0.35
368,0.35
369,0.35
370,0.35
371,0.35
372,0.35
373,0.35
374,0.35
375,0.35
376,0.35
377,0.35
378,0.35
379,0.35
380,0.35
381,0.35
382,0.35
383,0.35
384,0.35
385,0.35
386,0.35
387,0.35
388,0.35
389,0.35
390,0.35
391,0.35
392,0.35
393,0.35
394,0.35
395,0.35
396,0.35
397,0.35
398,0.35
399,0.35
400,0.35
401,0.35
402,0.35
403,0.35
404,0.35
405,0.35
406,0.35
407,0.35
408,0.35
409,0.35
410,0.35
411,0.35
412,0.35
413,0.35
414,0.35
415,0.35
416,0.35
417,0.35
418,0.35
419,0.35
420,0.35
421,0.35
422,0.35
423,0.35
424,0.35
425,0.35
426,0.35
427,0.35
428,0.35
429,0.35
430,0.35
431,0.35
432,0.35
433,0.35
434,0.35
435,0.35
436,0.35
437,0.35
438,0.35
439,0.35
440,0.35
441,0.35
442,0.35
443,0.35
444,0.35
445,0.35
446,0.35
447,0.35
448,0.35
449,0.35
450,0.35
451,0.35
452,0.35
453,0.35
454,0.35
455,0.35
456,0.35
457,0.35
458,0.35
459,0.35
460,0.35
461,0.35
462,0.35
463,0.35
464,0.35
465,0.35
466,0.35
467,0.35
468,0.35
469,0.35
470,0.35
471,0.35
472,0.35
473,0.35
474,0.35
475,0.35
476,0.35
477,0.35
478,0.35
479,0.35
480,0.35
481,0.35
482,0.35
483,0.35
484,0.35
485,0.35
486,0.35
487,0.35
488,0.35
489,0.35
490,0.35
491,0.35
492,0.35
493,0.35
494,0.35
495,0.35
496,0.35
497,0.35
498,0.35
499,0.35
500,0.35
501,0.35
502,0.35
503,0.35
504,0.35
505,0.35
506,0.35
507,0.35
508,0.35
509,0.35
510,0.35
511,0.35
512,0.35
513,0.35
514,0.35
515,0.35
516,0.35
517,0.35
518,0.35
519,0.35
520,0.35
521,0.35
522,0.35
523,0.35
524,0.35
525,0.35
526,0.35
527,0.35
528,0.35
529,0.35
530,0.35
531,0.35
532,0.35
533,0.35
534,0.35
535,0.35
536,0.35
537,0.35
538,0.35
539,0.35
540,0.35
541,0.35
542,0.35
543,0.35
544,0.35
545,0.35
546,0.35
547,0.35
548,0.35
549,0.35
550,0.35
551,0.35
552,0.35
553,0.35
554,0.35
555,0.35
556,0.35
557,0.35
558,0.35
559,0.35
560,0.35
561,0.35
562,0.35
563,0.35
564,0.35
565,0.35
566,0.35
567,0.35
568,0.35
569,0.35
570,0.35
571,0.35
572,0.35
573,0.35
574,0.35
575,0.35
576,0.35
577,0.35
578,0.35
579,0.35
580,0.35
581,0.35
582,0.35
583,0.35
584,0.35
585,0.35
586,0.35
587,0.35
588,0.35
589,0.35
590,0.35
591,0.35
592,0.35
593,0.35
594,0.35
595,0.35
596,0.35
597,0.35
598,0.35
599,0.35
600,0.35
601,0.35
602,0.35
603,0.35
604,0.35
605,0.35
606,0.35
607,0.35
608,0.35
609,0.35
610,0.35
611,0.35
612,0.35
613,0.35
614,0.35
615,0.35
616,0.35
617,0.35
618,0.35
619,0.35
620,0.35
621,0.35
622,0.35
623,0.35
624,0.35
625,0.35
626,0.35
627,0.35
628,0.35
629,0.35
630,0.35
631,0.35
632,0.35
633,0.35
634,0.35
635,0.35
636,0.35
637,0.35
638,0.35
639,0.35
640,0.35
641,0.35
642,0.35
643,0.35
644,0.35
645,0.35
646,0.35
647,0.35
648,0.35
649,0.35
650,0.35
651,0.35
652,0.35
653,0.35
654,0.35
655,0.35
656,0.35
657,0.35
658,0.35
659,0.35
660,0.35
661,0.35
662,0.35
663,0.35
664,0.35
665,0.35
666,0.35
667,0.35
668,0.35
669,0.35
670,0.35
671,0.35
672,0.35
673,0.35
674,0.35
675,0.35
676,0.35
677,0.35
678,0.35
679,0.35
680,0.35
681,0.35
682,0.35
683,0.35
684,0.35
685,0.35
686,0.35
687,0.35
688,0.35
689,0.35
690,0.35
691,0.35
692,0.35
693,0.35
694,0.35
695,0.35
696,0.35
697,0.35
698,0.35
699,0.35
700,0.35
701,0.35
702,0.35
703,0.35
704,0.35
705,0.35
706,0.35
707,0.35
708,0.35
709,0.35
710,0.35
711,0.35
712,0.35
713,0.35
714,0.35
715,0.35
716,0.35
717,0.35
718,0.35
719,0.35
720,0.35
721,0.35
722,0.35
723,0.35
724,0.35
725,0.35
726,0.35
727,0.35
728,0.35
729,0.35
730,0.35
731,0.35
732,0.35
733,0.35
734,0.35
735,0.35
736,0.35
737,0.35
738,0.35
739,0.35
740,0.35
741,0.35
742,0.35
743,0.35
744,0.35
745,0.35
746,0.35
747,0.35
748,0.35
749,0.35
750,0.35
751,0.35
752,0.35
753,0.35
754,0.35
755,0.35
756,0.35
757,0.35
758,0.35
759,0.35
760,0.35
761,0.35
762,0.35
763,0.35
764,0.35
765,0.35
766,0.35
767,0.35
768,0.35
769,0.35
770,0.35
771,0.35
772,0.35
773,0.35
774,0.35
775,0.35
776,0.35
777,0.35
778,0.35
779,0.35
780,0.35
781,0.35
782,0.35
783,0.35
784,0.35
785,0.35
786,0.35
787,0.35
788,0.35
789,0.35
790,0.35
791,0.35
792,0.35
793,0.35
794,0.35
795,0.35
796,0.35
797,0.35
798,0.35
799,0.35
800,0.35
801,0.35
802,0.35
803,0.35
804,0.35
805,0.35
806,0.35
807,0.35
808,0.35
809,0.35
810,0.35
811,0.35
812,0.35
813,0.35
814,0.35
815,0.35
816,0.35
817,0.35
818,0.35
819,0.35
820,0.35
821,0.35
822,0.35
823,0.35
824,0.35
825,0.35
826,0.35
827,0.35
828,0.35
829,0.35
830,0.35
831,0.35
832,0.35
833,0.35
834,0.35
835,0.35
836,0.35
837,0.35
838,0.35
839,0.35
840,0.35
841,0.35
842,0.35
843,0.35
844,0.35
845,0.35
846,0.35
847,0.35
848,0.35
849,0.35
850,0.35
851,0.35
852,0.35
853,0.35
854,0.35
855,0.35
856,0.35
857,0.35
858,0.35
859,0.35
860,0.35
861,0.35
862,0.35
863,0.35
864,0.35
865,0.35
866,0.35
867,0.35
868,0.35
869,0.35
870,0.35
871,0.35
872,0.35
873,0.35
874,0.35
875,0.35
876,0.35
877,0.35
878,0.35
879,0.35
880,0.35
881,0.35
882,0.35
883,0.35
884,0.35
885,0.35
886,0.35
887,0.35
888,0.35
889,0.35
890,0.35
891,0.35
892,0.35
893,0.35
894,0.35
895,0.35
896,0.35
897,0.35
898,0.35
899,0.35
900,0.35
901,0.35
902,0.35
903,0.35
904,0.35
905,0.35
906,0.35
907,0.35
908,0.35
909,0.35
910,0.35
911,0.35
912,0.35
913,0.35
914,0.35
915,0.35
916,0.35
917,0.35
918,0.35
919,0.35
920,0.35
921,0.35
922,0.35
923,0.35
924,0.35
925,0.35
926,0.35
927,0.35
928,0.35
929,0.35
930,0.35
931,0.35
932,0.35
933,0.35
934,0.35
935,0.35
936,0.35
937,0.35
938,0.35
939,0.35
940,0.35
941,0.35
942,0.35
943,0.35
944,0.35
945,0.35
946,0.35
947,0.35
948,0.35
949,0.35
950,0.35
951,0.35
952,0.35
953,0.35
954,0.35
955,0.35
956,0.35
957,0.35
958,0.35
959,0.35
960,0.35
961,0.35
962,0.35
963,0.35
964,0.35
965,0.35
966,0.35
967,0.35
968,0.35
969,0.35
970,0.35
971,0.35
972,0.35
973,0.35
974,0.35
975,0.35
976,0.35
977,0.35
978,0.35
979,0.35
980,0.35
981,0.35
982,0.35
983,0.35
984,0.35
985,0.35
986,0.35
987,0.35
988,0.35
989,0.35
990,0.35
991,0.35
992,0.35
993,0.35
994,0.35
995,0.35
996,0.35
997,0.35
998,0.35
999,0.35
1000,0.35
1001,0.35
1002,0.35
1003,0.35
1004,0.35
1005,0.35
1006,0.35
1007,0.35
1008,0.35
1009,0.35
1010,0.35
1011,0.35
1012,0.35
1013,0.35
1014,0.35
1015,0.35
1016,0.35
1017,0.35
1018,0.35
1019,0.35
1020,0.35
1021,0.35
1022,0.35
1023,0.35
1024,0.35
1025,0.35
1026,0.35
1027,0.35
1028,0.35
1029,0.35
1030,0.35
1031,0.35
1032,0.35
1033,0.35
1034,0.35
1035,0.35
1036,0.35
1037,0.35
1038,0.35
1039,0.35
1040,0.35
1041,0.35
1042,0.35
1043,0.35
1044,0.35
1045,0.35
1046,0.35
1047,0.35
1048,0.35
1049,0.35
1050,0.35
1051,0.35
1052,0.35
1053,0.35
1054,0.35
1055,0.35
1056,0.35
1057,0.35
1058,0.35
1059,0.35
1060,0.35
1061,0.35
1062,0.35
1063,0.35
1064,0.35
1065,0.35
1066,0.35
1067,0.35
1068,0.35
1069,0.35
1070,0.35
1071,0.35
1072,0.35
1073,0.35
1074,0.35
1075,0.35
1076,0.35
1077,0.35
1078,0.35
1079,0.35
1080,0.35
1081,0.35
1082,0.35
1083,0.35
1084,0.35
1085,0.35
1086,0.35
1087,0.35
1088,0.35
1089,0.35
1090,0.35
1091,0.35
1092,0.35
1093,0.35
1094,0.35
1095,0.35
1096,0.35
1097,0.35
1098,0.35
1099,0.35
1100,0.35
1101,0.35
1102,0.35
1103,0.35
1104,0.35
1105,0.35
1106,0.35
1107,0.35
1108,0.35
1109,0.35
1110,0.35
1111,0.35
1112,0.35
1113,0.35
1114,0.35
1115,0.35
1116,0.35
1117,0.35
1118,0.35
1119,0.35
1120,0.35
1121,0.35
1122,0.35
1123,0.35
1124,0.35
1125,0.35
1126,0.35
1127,0.35
1128,0.35
1129,0.35
1130,0.35
1131,0.35
1132,0.35
1133,0.35
1134,0.35
1135,0.35
1136,0.35
1137,0.35
1138,0.35
1139,0.35
1140,0.35
1141,0.35
1142,0.35
1143,0.35
1144,0.35
1145,0.35
1146,0.35
1147,0.35
1148,0.35
1149,0.35
1150,0.35
1151,0.35
1152,0.35
1153,0.35
1154,0.35
1155,0.35
1156,0.35
1157,0.35
1158,0.35
1159,0.35
1160,0.35
1161,0.35
1162,0.35
1163,0.35
1164,0.35
1165,0.35
1166,0.35
1167,0.35
1168,0.35
1169,0.35
1170,0.35
1171,0.35
1172,0.35
1173,0.35
1174,0.35
1175,0.35
1176,0.35
1177,0.35
1178,0.35
1179,0.35
1180,0.35
1181,0.35
1182,0.35
1183,0.35
1184,0.35
1185,0.35
1186,0.35
1187,0.35
1188,0.35
1189,0.35
1190,0.35
1191,0.35
1192,0.35
1193,0.35
1194,0.35
1195,0.35
1196,0.35
1197,0.35
1198,0.35
1199,0.35
1200,0.35
1201,0.35
1202,0.35
1203,0.35
1204,0.35
1205,0.35
1206,0.35
1207,0.35
1208,0.35
1209,0.35
1210,0.35
1211,0.35
1212,0.35
1213,0.35
1214,0.35
1215,0.35
1216,0.35
1217,0.35
1218,0.35
1219,0.35
1220,0.35
1221,0.35
1222,0.35
1223,0.35
1224,0.35
1225,0.35
1226,0.35
1227,0.35
1228,0.35
1229,0.35
1230,0.35
1231,0.35
1232,0.35
1233,0.35
1234,0.35
1235,0.35
1236,0.35
1237,0.35
1238,0.35
1239,0.35
1240,0.35
1241,0.35
1242,0.35
1243,0.35
1244,0.35
1245,0.35
1246,0.35
1247,0.35
1248,0.35
1249,0.35
1250,0.35
1251,0.35
1252,0.35
1253,0.35
1254,0.35
1255,0.35
1256,0.35
1257,0.35
1258,0.35
1259,0.35
1260,0.35
1261,0.35
1262,0.35
1263,0.35
1264,0.35
1265,0.35
1266,0.35
1267,0.35
1268,0.35
1269,0.35
1270,0.35
1271,0.35
1272,0.35
1273,0.35
1274,0.35
1275,0.35
1276,0.35
1277,0.35
1278,0.35
1279,0.35
1280,0.35
1281,0.35
1282,0.35
1283,0.35
1284,0.35
1285,0.35
1286,0.35
1287,0.35
1288,0.35
1289,0.35
1290,0.35
1291,0.35
1292,0.35
1293,0.35
1294,0.35
1295,0.35
1296,0.35
1297,0.35
1298,0.35
1299,0.35
1300,0.35
1301,0.35
1302,0.35
1303,0.35
1304,0.35
1305,0.35
1306,0.35
1307,0.35
1308,0.35
1309,0.35
1310,0.35
1311,0.35
1312,0.35
1313,0.35
1314,0.35
1315,0.35
1316,0.35
1317,0.35
1318,0.35
1319,0.35
1320,0.35
1321,0.35
1322,0.35
1323,0.35
1324,0.35
1325,0.35
1326,0.35
1327,0.35
1328,0.35
1329,0.35
1330,0.35
1331,0.35
1332,0.35
1333,0.35
1334,0.35
1335,0.35
1336,0.35
1337,0.35
1338,0.35
1339,0.35
1340,0.35
1341,0.35
1342,0.35
1343,0.35
1344,0.35
1345,0.35
1346,0.35
1347,0.35
1348,0.35
1349,0.35
1350,0.35
1351,0.35
1352,0.35
1353,0.35
1354,0.35
1355,0.35
1356,0.35
1357,0.35
1358,0.35
1359,0.35
1360,0.35
1361,0.35
1362,0.35
1363,0.35
1364,0.35
1365,0.35
1366,0.35
1367,0.35
1368,0.35
1369,0.35
1370,0.35
1371,0.35
1372,0.35
1373,0.35
1374,0.35
1375,0.35
1376,0.35
1377,0.35
1378,0.35
1379,0.35
1380,0.35
1381,0.35
1382,0.35
1383,0.35
1384,0.35
1385,0.35
1386,0.35
1387,0.35
1388,0.35
1389,0.35
1390,0.35
1391,0.35
1392,0.35
1393,0.35
1394,0.35
1395,0.35
1396,0.35
1397,0.35
1398,0.35
1399,0.35
1400,0.35
1401,0.35
1402,0.35
1403,0.35
1404,0.35
1405,0.35
1406,0.35
1407,0.35
1408,0.35
1409,0.35
1410,0.35
1411,0.35
1412,0.35
1413,0.35
1414,0.35
1415,0.35
1416,0.35
1417,0.35
1418,0.35
1419,0.35
1420,0.35
1421,0.35
1422,0.35
1423,0.35
1424,0.35
1425,0.35
1426,0.35
1427,0.35
1428,0.35
1429,0.35
1430,0.35
1431,0.35
1432,0.35
1433,0.35
1434,0.35
1435,0.35
1436,0.35
1437,0.35
1438,0.35
1439,0.35
1440,0.35
1441,0.35
1442,0.35
1443,0.35
1444,0.35
1445,0.35
1446,0.35
1447,0.35
1448,0.35
1449,0.35
1450,0.35
1451,0.35
1452,0.35
1453,0.35
1454,0.35
1455,0.35
1456,0.35
1457,0.35
1458,0.35
1459,0.35
1460,0.35
1461,0.35
1462,0.35
1463,0.35
1464,0.35
1465,0.35
1466,0.35
1467,0.35
1468,0.35
1469,0.35
1470,0.35
1471,0.35
1472,0.35
1473,0.35
1474,0.35
1475,0.35
1476,0.35
1477,0.35
1478,0.35
1479,0.35
1480,0.35
1481,0.35
1482,0.35
1483,0.35
1484,0.35
1485,0.35
1486,0.35
1487,0.35
1488,0.35
1489,0.35
1490,0.35
1491,0.35
1492,0.35
1493,0.35
1494,0.35
1495,0.35
1496,0.35
1497,0.35
1498,0.35
1499,0.35
1500,0.35
1501,0.35
1502,0.35
1503,0.35
1504,0.35
1505,0.35
1506,0.35
1507,0.35
1508,0.35
1509,0.35
1510,0.35
1511,0.35
1512,0.35
1513,0.35
1514,0.35
1515,0.35
1516,0.35
1517,0.35
1518,0.35
1519,0.35
1520,0.35
1521,0.35
1522,0.35
1523,0.35
1524,0.35
1525,0.35
1526,0.35
1527,0.35
1528,0.35
1529,0.35
1530,0.35
1531,0.35
1532,0.35
1533,0.35
1534,0.35
1535,0.35
1536,0.35
1537,0.35
1538,0.35
1539,0.35
1540,0.35
1541,0.35
1542,0.35
1543,0.35
1544,0.35
1545,0.35
1546,0.35
1547,0.35
1548,0.35
1549,0.35
1550,0.35
1551,0.35
1552,0.35
1553,0.35
1554,0.35
1555,0.35
1556,0.35
1557,0.35
1558,0.35
1559,0.35
1560,0.35
1561,0.35
1562,0.35
1563,0.35
1564,0.35
1565,0.35
1566,0.35
1567,0.35
1568,0.35
1569,0.35
1570,0.35
1571,0.35
1572,0.35
1573,0.35
1574,0.35
1575,0.35
1576,0.35
1577,0.35
1578,0.35
1579,0.35
1580,0.35
1581,0.35
1582,0.35
1583,0.35
1584,0.35
1585,0.35
1586,0.35
1587,0.35
1588,0.35
1589,0.35
1590,0.35
1591,0.35
1592,0.35
1593,0.35
1594,0.35
1595,0.35
1596,0.35
1597,0.35
1598,0.35
1599,0.35
1600,0.35
1601,0.35
1602,0.35
1603,0.35
1604,0.35
1605,0.35
1606,0.35
1607,0.35
1608,0.35
1609,0.35
1610,0.35
1611,0.35
1612,0.35
1613,0.35
1614,0.35
1615,0.35
1616,0.35
1617,0.35
1618,0.35
1619,0.35
1620,0.35
1621,0.35
1622,0.35
1623,0.35
1624,0.35
1625,0.35
1626,0.35
1627,0.35
1628,0.35
1629,0.35
1630,0.35
1631,0.35
1632,0.35
1633,0.35
1634,0.35
1635,0.35
1636,0.35
1637,0.35
1638,0.35
1639,0.35
1640,0.35
1641,0.35
1642,0.35
1643,0.35
1644,0.35
1645,0.35
1646,0.35
1647,0.35
1648,0.35
1649,0.35
1650,0.35
1651,0.35
1652,0.35
1653,0.35
1654,0.35
1655,0.35
1656,0.35
1657,0.35
1658,0.35
1659,0.35
1660,0.35
1661,0.35
1662,0.35
1663,0.35
1664,0.35
1665,0.35
1666,0.35
1667,0.35
1668,0.35
1669,0.35
1670,0.35
1671,0.35
1672,0.35
1673,0.35
1674,0.35
1675,0.35
1676,0.35
1677,0.35
1678,0.35
1679,0.35
1680,0.35
1681,0.35
1682,0.35
1683,0.35
1684,0.35
1685,0.35
1686,0.35
1687,0.35
1688,0.35
1689,0.35
1690,0.35
1691,0.35
1692,0.35
1693,0.35
1694,0.35
1695,0.35
1696,0.35
1697,0.35
1698,0.35
1699,0.35
1700,0.35
1701,0.35
1702,0.35
1703,0.35
1704,0.35
1705,0.35
1706,0.35
1707,0.35
1708,0.35
1709,0.35
1710,0.35
1711,0.35
1712,0.35
1713,0.35
1714,0.35
1715,0.35
1716,0.35
1717,0.35
1718,0.35
1719,0.35
1720,0.35
1721,0.35
1722,0.35
1723,0.35
1724,0.35
1725,0.35
1726,0.35
1727,0.35
1728,0.35
1729,0.35
1730,0.35
1731,0.35
1732,0.35
1733,0.35
1734,0.35
1735,0.35
1736,0.35
1737,0.35
1738,0.35
1739,0.35
1740,0.35
1741,0.35
1742,0.35
1743,0.35
1744,0.35
1745,0.35
1746,0.35
1747,0.35
1748,0.35
1749,0.35
1750,0.35
1751,0.35
1752,0.35
1753,0.35
1754,0.35
1755,0.35
1756,0.35
1757,0.35
1758,0.35
1759,0.35
1760,0.35
1761,0.35
1762,0.35
1763,0.35
1764,0.35
1765,0.35
1766,0.35
1767,0.35
1768,0.35
1769,0.35
1770,0.35
1771,0.35
1772,0.35
1773,0.35
1774,0.35
1775,0.35
1776,0.35
1777,0.35
1778,0.35
1779,0.35
1780,0.35
1781,0.35
1782,0.35
1783,0.35
1784,0.35
1785,0.35
1786,0.35
1787,0.35
1788,0.35
1789,0.35
1790,0.35
1791,0.35
1792,0.35
1793,0.35
1794,0.35
1795,0.35
1796,0.35
1797,0.35
1798,0.35
1799,0.35
1800,0.35
1801,0.35
1802,0.35
1803,0.35
1804,0.35
1805,0.35
1806,0.35
1807,0.35
1808,0.35
1809,0.35
1810,0.35
1811,0.35
1812,0.35
1813,0.35
1814,0.35
1815,0.35
1816,0.35
1817,0.35
1818,0.35
1819,0.35
1820,0.35
1821,0.35
1822,0.35
1823,0.35
1824,0.35
1825,0.35
1826,0.35
1827,0.35
1828,0.35
1829,0.35
1830,0.35
1831,0.35
1832,0.35
1833,0.35
1834,0.35
1835,0.35
1836,0.35
1837,0.35
1838,0.35
1839,0.35
1840,0.35
1841,0.35
1842,0.35
1843,0.35
1844,0.35
1845,0.35
1846,0.35
1847,0.35
1848,0.35
1849,0.35
1850,0.35
1851,0.35
1852,0.35
1853,0.35
1854,0.35
1855,0.35
1856,0.35
1857,0.35
1858,0.35
1859,0.35
1860,0.35
1861,0.35
1862,0.35
1863,0.35
1864,0.35
1865,0.35
1866,0.35
1867,0.35
1868,0.35
1869,0.35
1870,0.35
1871,0.35
1872,0.35
1873,0.35
1874,0.35
1875,0.35
1876,0.35
1877,0.35
1878,0.35
1879,0.35
1880,0.35
1881,0.35
1882,0.35
1883,0.35
1884,0.35
1885,0.35
1886,0.35
1887,0.35
1888,0.35
1889,0.35
1890,0.35
1891,0.35
1892,0.35
1893,0.35
1894,0.35
1895,0.35
1896,0.35
1897,0.35
1898,0.35
1899,0.35
1900,0.35
1901,0.35
1902,0.35
1903,0.35
1904,0.35
1905,0.35
1906,0.35
1907,0.35
1908,0.35
1909,0.35
1910,0.35
1911,0.35
1912,0.35
1913,0.35
1914,0.35
1915,0.35
1916,0.35
1917,0.35
1918,0.35
1919,0.35
1920,0.35
1921,0.35
1922,0.35
1923,0.35
1924,0.35
1925,0.35
1926,0.35
1927,0.35
1928,0.35
1929,0.35
1930,0.35
1931,0.35
1932,0.35
1933,0.35
1934,0.35
1935,0.35
1936,0.35
1937,0.35
1938,0.35
1939,0.35
1940,0.35
1941,0.35
1942,0.35
1943,0.35
1944,0.35
1945,0.35
1946,0.35
1947,0.35
1948,0.35
1949,0.35
1950,0.35
1951,0.35
1952,0.35
1953,0.35
1954,0.35
1955,0.35
1956,0.35
1957,0.35
1958,0.35
1959,0.35
1960,0.35
1961,0.35
1962,0.35
1963,0.35
1964,0.35
1965,0.35
1966,0.35
1967,0.35
1968,0.35
1969,0.35
1970,0.35
1971,0.35
1972,0.35
1973,0.35
1974,0.35
1975,0.35
1976,0.35
1977,0.35
1978,0.35
1979,0.35
1980,0.35
1981,0.35
1982,0.35
1983,0.35
1984,0.35
1985,0.35
1986,0.35
1987,0.35
1988,0.35
1989,0.35
1990,0.35
1991,0.35
1992,0.35
1993,0.35
1994,0.35
1995,0.35
1996,0.35
1997,0.35
1998,0.35
1999,0.35
2000,0.35
2001,0.35
2002,0.35
2003,0.35
2004,0.35
2005,0.35
2006,0.35
2007,0.35
2008,0.35
2009,0.35
2010,0.35
2011,0.35
2012,0.35
2013,0.35
2014,0.35
2015,0.35
2016,0.35
2017,0.35
2018,0.35
2019,0.35
2020,0.35
2021,0.35
2022,0.35
2023,0.35
2024,0.35
2025,0.35
2026,0.35
2027,0.35
2028,0.35
2029,0.35
2030,0.35
2031,0.35
2032,0.35
2033,0.35
2034,0.35
2035,0.35
2036,0.35
2037,0.35
2038,0.35
2039,0.35
2040,0.35
2041,0.35
2042,0.35
2043,0.35
2044,0.35
2045,0.35
2046,0.35
2047,0.35
2048,0.35
2049,0.35
2050,0.35
2051,0.35
2052,0.35
2053,0.35
2054,0.35
2055,0.35
2056,0.35
2057,0.35
2058,0.35
2059,0.35
2060,0.35
2061,0.35
2062,0.35
2063,0.35
2064,0.35
2065,0.35
2066,0.35
2067,0.35
2068,0.35
2069,0.35
2070,0.35
2071,0.35
2072,0.35
2073,0.35
2074,0.35
2075,0.35
2076,0.35
2077,0.35
2078,0.35
2079,0.35
2080,0.35
2081,0.35
2082,0.35
2083,0.35
2084,0.35
2085,0.35
2086,0.35
2087,0.35
2088,0.35
2089,0.35
2090,0.35
2091,0.35
2092,0.35
2093,0.35
2094,0.35
2095,0.35
2096,0.35
2097,0.35
2098,0.35
2099,0.35
2100,0.35
2101,0.35
2102,0.35
2103,0.35
2104,0.35
2105,0.35
2106,0.35
2107,0.35
2108,0.35
2109,0.35
2110,0.35
2111,0.35
2112,0.35
2113,0.35
2114,0.35
2115,0.35
2116,0.35
2117,0.35
2118,0.35
2119,0.35
2120,0.35
2121,0.35
2122,0.35
2123,0.35
2124,0.35
2125,0.35
2126,0.35
2127,0.35
2128,0.35
2129,0.35
2130,0.35
2131,0.35
2132,0.35
2133,0.35
2134,0.35
2135,0.35
2136,0.35
2137,0.35
2138,0.35
2139,0.35
2140,0.35
2141,0.35
2142,0.35
2143,0.35
2144,0.35
2145,0.35
2146,0.35
2147,0.35
2148,0.35
2149,0.35
2150,0.35
2151,0.35
2152,0.35
2153,0.35
2154,0.35
2155,0.35
2156,0.35
2157,0.35
2158,0.35
2159,0.35
2160,0.35
2161,0.35
2162,0.35
2163,0.35
2164,0.35
2165,0.35
2166,0.35
2167,0.35
2168,0.35
2169,0.35
2170,0.35
2171,0.35
2172,0.35
2173,0.35
2174,0.35
2175,0.35
2176,0.35
2177,0.35
2178,0.35
2179,0.35
2180,0.35
2181,0.35
2182,0.35
2183,0.35
2184,0.35
2185,0.35
2186,0.35
2187,0.35
2188,0.35
2189,0.35
2190,0.35
2191,0.35
2192,0.35
2193,0.35
2194,0.35
2195,0.35
2196,0.35
2197,0.35
2198,0.35
2199,0.35
2200,0.35
2201,0.35
2202,0.35
2203,0.35
2204,0.35
2205,0.35
2206,0.35
2207,0.35
2208,0.35
2209,0.35
2210,0.35
2211,0.35
2212,0.35
2213,0.35
2214,0.35
2215,0.35
2216,0.35
2217,0.35
2218,0.35
2219,0.35
2220,0.35
2221,0.35
2222,0.35
2223,0.35
2224,0.35
2225,0.35
2226,0.35
2227,0.35
2228,0.35
2229,0.35
2230,0.35
2231,0.35
2232,0.35
2233,0.35
2234,0.35
2235,0.35
2236,0.35
2237,0.35
2238,0.35
2239,0.35
2240,0.35
2241,0.35
2242,0.35
2243,0.35
2244,0.35
2245,0.35
2246,0.35
2247,0.35
2248,0.35
2249,0.35
2250,0.35
2251,0.35
2252,0.35
2253,0.35
2254,0.35
2255,0.35
2256,0.35
2257,0.35
2258,0.35
2259,0.35
2260,0.35
2261,0.35
2262,0.35
2263,0.35
2264,0.35
2265,0.35
2266,0.35
2267,0.35
2268,0.35
2269,0.35
2270,0.35
2271,0.35
2272,0.35
2273,0.35
2274,0.35
2275,0.35
2276,0.35
2277,0.35
2278,0.35
2279,0.35
2280,0.35
2281,0.35
2282,0.35
2283,0.35
2284,0.35
2285,0.35
2286,0.35
2287,0.35
2288,0.35
2289,0.35
2290,0.35
2291,0.35
2292,0.35
2293,0.35
2294,0.35
2295,0.35
2296,0.35
2297,0.35
2298,0.35
2299,0.35
2300,0.35
2301,0.35
2302,0.35
2303,0.35
2304,0.35
2305,0.35
2306,0.35
2307,0.35
2308,0.35
2309,0.35
2310,0.35
2311,0.35
2312,0.35
2313,0.35
2314,0.35
2315,0.35
2316,0.35
2317,0.35
2318,0.35
2319,0.35
2320,0.35
2321,0.35
2322,0.35
2323,0.35
2324,0.35
2325,0.35
2326,0.35
2327,0.35
2328,0.35
2329,0.35
2330,0.35
2331,0.35
2332,0.35
2333,0.35
2334,0.35
2335,0.35
2336,0.35
2337,0.35
2338,0.35
2339,0.35
2340,0.35
2341,0.35
2342,0.35
2343,0.35
2344,0.35
2345,0.35
2346,0.35
2347,0.35
2348,0.35
2349,0.35
2350,0.35
2351,0.35
2352,0.35
2353,0.35
2354,0.35
2355,0.35
2356,0.35
2357,0.35
2358,0.35
2359,0.35
2360,0.35
2361,0.35
2362,0.35
2363,0.35
2364,0.35
2365,0.35
2366,0.35
2367,0.35
2368,0.35
2369,0.35
2370,0.35
2371,0.35
2372,0.35
2373,0.35
2374,0.35
2375,0.35
2376,0.35
2377,0.35
2378,0.35
2379,0.35
2380,0.35
2381,0.35
2382,0.35
2383,0.35
2384,0.35
2385,0.35
2386,0.35
2387,0.35
2388,0.35
2389,0.35
2390,0.35
2391,0.35
2392,0.35
2393,0.35
2394,0.35
2395,0.35
2396,0.35
2397,0.35
2398,0.35
2399,0.35
2400,0.35
2401,0.35
2402,0.35
2403,0.35
2404,0.35
2405,0.35
2406,0.35
2407,0.35
2408,0.35
2409,0.35
2410,0.35
2411,0.35
2412,0.35
2413,0.35
2414,0.35
2415,0.35
2416,0.35
2417,0.35
2418,0.35
2419,0.35
2420,0.35
2421,0.35
2422,0.35
2423,0.35
2424,0.35
2425,0.35
2426,0.35
2427,0.35
2428,0.35
2429,0.35
2430,0.35
2431,0.35
2432,0.35
2433,0.35
2434,0.35
2435,0.35
2436,0.35
2437,0.35
2438,0.35
2439,0.35
2440,0.35
2441,0.35
2442,0.35
2443,0.35
2444,0.35
2445,0.35
2446,0.35
2447,0.35
2448,0.35
2449,0.35
2450,0.35
2451,0.35
2452,0.35
2453,0.35
2454,0.35
2455,0.35
2456,0.35
2457,0.35
2458,0.35
2459,0.35
2460,0.35
2461,0.35
2462,0.35
2463,0.35
2464,0.35
2465,0.35
2466,0.35
2467,0.35
2468,0.35
2469,0.35
2470,0.35
2471,0.35
2472,0.35
2473,0.35
2474,0.35
2475,0.35
2476,0.35
2477,0.35
2478,0.35
2479,0.35
2480,0.35
2481,0.35
2482,0.35
2483,0.35
2484,0.35
2485,0.35
2486,0.35
2487,0.35
2488,0.35
2489,0.35
2490,0.35
2491,0.35
2492,0.35
2493,0.35
2494,0.35
2495,0.35
2496,0.35
2497,0.35
2498,0.35
2499,0.35
2500,0.35
2501,0.35
2502,0.35
2503,0.35
2504,0.35
2505,0.35
2506,0.35
2507,0.35
2508,0.35
2509,0.35
2510,0.35
2511,0.35
2512,0.35
2513,0.35
2514,0.35
2515,0.35
2516,0.35
2517,0.35
2518,0.35
2519,0.35
2520,0.35
2521,0.35
2522,0.35
2523,0.35
2524,0.35
2525,0.35
2526,0.35
2527,0.35
2528,0.35
2529,0.35
2530,0.35
2531,0.35
2532,0.35
2533,0.35
2534,0.35
2535,0.35
2536,0.35
2537,0.35
2538,0.35
2539,0.35
2540,0.35
2541,0.35
2542,0.35
2543,0.35
2544,0.35
2545,0.35
2546,0.35
2547,0.35
2548,0.35
2549,0.35
2550,0.35
2551,0.35
2552,0.35
2553,0.35
2554,0.35
2555,0.35
2556,0.35
2557,0.35
2558,0.35
2559,0.35
2560,0.35
2561,0.35
2562,0.35
2563,0.35
2564,0.35
2565,0.35
2566,0.35
2567,0.35
2568,0.35
2569,0.35
2570,0.35
2571,0.35
2572,0.35
2573,0.35
2574,0.35
2575,0.35
2576,0.35
2577,0.35
2578,0.35
2579,0.35
2580,0.35
2581,0.35
2582,0.35
2583,0.35
2584,0.35
2585,0.35
2586,0.35
2587,0.35
2588,0.35
2589,0.35
2590,0.35
2591,0.35
2592,0.35
2593,0.35
2594,0.35
2595,0.35
2596,0.35
2597,0.35
2598,0.35
2599,0.35
2600,0.35
2601,0.35
2602,0.35
2603,0.35
2604,0.35
2605,0.35
2606,0.35
2607,0.35
2608,0.35
2609,0.35
2610,0.35
2611,0.35
2612,0.35
2613,0.35
2614,0.35
2615,0.35
2616,0.35
2617,0.35
2618,0.35
2619,0.35
2620,0.35
2621,0.35
2622,0.35
2623,0.35
2624,0.35
2625,0.35
2626,0.35
2627,0.35
2628,0.35
2629,0.35
2630,0.35
2631,0.35
2632,0.35
2633,0.35
2634,0.35
2635,0.35
2636,0.35
2637,0.35
2638,0.35
2639,0.35
2640,0.35
2641,0.35
2642,0.35
2643,0.35
2644,0.35
2645,0.35
2646,0.35
2647,0.35
2648,0.35
2649,0.35
2650,0.35
2651,0.35
2652,0.35
2653,0.35
2654,0.35
2655,0.35
2656,0.35
2657,0.35
2658,0.35
2659,0.35
2660,0.35
2661,0.35
2662,0.35
2663,0.35
2664,0.35
2665,0.35
2666,0.35
2667,0.35
2668,0.35
2669,0.35
2670,0.35
2671,0.35
2672,0.35
2673,0.35
2674,0.35
2675,0.35
2676,0.35
2677,0.35
2678,0.35
2679,0.35
2680,0.35
2681,0.35
2682,0.35
2683,0.35
2684,0.35
2685,0.35
2686,0.35
2687,0.35
2688,0.35
2689,0.35
2690,0.35
2691,0.35
2692,0.35
2693,0.35
2694,0.35
2695,0.35
2696,0.35
2697,0.35
2698,0.35
2699,0.35
2700,0.35
2701,0.35
2702,0.35
2703,0.35
2704,0.35
2705,0.35
2706,0.35
2707,0.35
2708,0.35
2709,0.35
2710,0.35
2711,0.35
2712,0.35
2713,0.35
2714,0.35
2715,0.35
2716,0.35
2717,0.35
2718,0.35
2719,0.35
2720,0.35
2721,0.35
2722,0.35
2723,0.35
2724,0.35
2725,0.35
2726,0.35
2727,0.35
2728,0.35
2729,0.35
2730,0.35
2731,0.35
2732,0.35
2733,0.35
2734,0.35
2735,0.35
2736,0.35
2737,0.35
2738,0.35
2739,0.35
2740,0.35
2741,0.35
2742,0.35
2743,0.35
2744,0.35
2745,0.35
2746,0.35
2747,0.35
2748,0.35
2749,0.35
2750,0.35
2751,0.35
2752,0.35
2753,0.35
2754,0.35
2755,0.35
2756,0.35
2757,0.35
2758,0.35
2759,0.35
2760,0.35
2761,0.35
2762,0.35
2763,0.35
2764,0.35
2765,0.35
2766,0.35
2767,0.35
2768,0.35
2769,0.35
2770,0.35
2771,0.35
2772,0.35
2773,0.35
2774,0.35
2775,0.35
2776,0.35
2777,0.35
2778,0.35
2779,0.35
2780,0.35
2781,0.35
2782,0.35
2783,0.35
2784,0.35
2785,0.35
2786,0.35
2787,0.35
2788,0.35
2789,0.35
2790,0.35
2791,0.35
2792,0.35
2793,0.35
2794,0.35
2795,0.35
2796,0.35
2797,0.35
2798,0.35
2799,0.35
2800,0.35
2801,0.35
2802,0.35
2803,0.35
2804,0.35
2805,0.35
2806,0.35
2807,0.35
2808,0.35
2809,0.35
2810,0.35
2811,0.35
2812,0.35
2813,0.35
2814,0.35
2815,0.35
2816,0.35
2817,0.35
2818,0.35
2819,0.35
2820,0.35
2821,0.35
2822,0.35
2823,0.35
2824,0.35
2825,0.35
2826,0.35
2827,0.35
2828,0.35
2829,0.35
2830,0.35
2831,0.35
2832,0.35
2833,0.35
2834,0.35
2835,0.35
2836,0.35
2837,0.35
2838,0.35
2839,0.35
2840,0.35
2841,0.35
2842,0.35
2843,0.35
2844,0.35
2845,0.35
2846,0.35
2847,0.35
2848,0.35
2849,0.35
2850,0.35
2851,0.35
2852,0.35
2853,0.35
2854,0.35
2855,0.35
2856,0.35
2857,0.35
2858,0.35
2859,0.35
2860,0.35
2861,0.35
2862,0.35
2863,0.35
2864,0.35
2865,0.35
2866,0.35
2867,0.35
2868,0.35
2869,0.35
2870,0.35
2871,0.35
2872,0.35
2873,0.35
2874,0.35
2875,0.35
2876,0.35
2877,0.35
2878,0.35
2879,0.35
2880,0.35
2881,0.35
2882,0.35
2883,0.35
2884,0.35
2885,0.35
2886,0.35
2887,0.35
2888,0.35
2889,0.35
2890,0.35
2891,0.35
2892,0.35
2893,0.35
2894,0.35
2895,0.35
2896,0.35
2897,0.35
2898,0.35
2899,0.35
2900,0.35
2901,0.35
2902,0.35
2903,0.35
2904,0.35
2905,0.35
2906,0.35
2907,0.35
2908,0.35
2909,0.35
2910,0.35
2911,0.35
2912,0.35
2913,0.35
2914,0.35
2915,0.35
2916,0.35
2917,0.35
2918,0.35
2919,0.35
2920,0.35
2921,0.35
2922,0.35
2923,0.35
2924,0.35
2925,0.35
2926,0.35
2927,0.35
2928,0.35
2929,0.35
2930,0.35
2931,0.35
2932,0.35
2933,0.35
2934,0.35
2935,0.35
2936,0.35
2937,0.35
2938,0.35
2939,0.35
2940,0.35
2941,0.35
2942,0.35
2943,0.35
2944,0.35
2945,0.35
2946,0.35
2947,0.35
2948,0.35
2949,0.35
2950,0.35
2951,0.35
2952,0.35
2953,0.35
2954,0.35
2955,0.35
2956,0.35
2957,0.35
2958,0.35
2959,0.35
2960,0.35
2961,0.35
2962,0.35
2963,0.35
2964,0.35
2965,0.35
2966,0.35
2967,0.35
2968,0.35
2969,0.35
2970,0.35
2971,0.35
2972,0.35
2973,0.35
2974,0.35
2975,0.35
2976,0.35
2977,0.35
2978,0.35
2979,0.35
2980,0.35
2981,0.35
2982,0.35
2983,0.35
2984,0.35
2985,0.35
2986,0.35
2987,0.35
2988,0.35
2989,0.35
2990,0.35
2991,0.35
2992,0.35
2993,0.35
2994,0.35
2995,0.35
2996,0.35
2997,0.35
2998,0.35
2999,0.35
3000,0.35
3001,0.35
3002,0.35
3003,0.35
3004,0.35
3005,0.35
3006,0.35
3007,0.35
3008,0.35
3009,0.35
3010,0.35
3011,0.35
3012,0.35
3013,0.35
3014,0.35
3015,0.35
3016,0.35
3017,0.35
3018,0.35
3019,0.35
3020,0.35
3021,0.35
3022,0.35
3023,0.35
3024,0.35
3025,0.35
3026,0.35
3027,0.35
3028,0.35
3029,0.35
3030,0.35
3031,0.35
3032,0.35
3033,0.35
3034,0.35
3035,0.35
3036,0.35
3037,0.35
3038,0.35
3039,0.35
3040,0.35
3041,0.35
3042,0.35
3043,0.35
3044,0.35
3045,0.35
3046,0.35
3047,0.35
3048,0.35
3049,0.35
3050,0.35
3051,0.35
3052,0.35
3053,0.35
3054,0.35
3055,0.35
3056,0.35
3057,0.35
3058,0.35
3059,0.35
3060,0.35
3061,0.35
3062,0.35
3063,0.35
3064,0.35
3065,0.35
3066,0.35
3067,0.35
3068,0.35
3069,0.35
3070,0.35
3071,0.35
3072,0.35
3073,0.35
3074,0.35
3075,0.35
3076,0.35
3077,0.35
3078,0.35
3079,0.35
3080,0.35
3081,0.35
3082,0.35
3083,0.35
3084,0.35
3085,0.35
3086,0.35
3087,0.35
3088,0.35
3089,0.35
3090,0.35
3091,0.35
3092,0.35
3093,0.35
3094,0.35
3095,0.35
3096,0.35
3097,0.35
3098,0.35
3099,0.35
3100,0.35
3101,0.35
3102,0.35
3103,0.35
3104,0.35
3105,0.35
3106,0.35
3107,0.35
3108,0.35
3109,0.35
3110,0.35
3111,0.35
3112,0.35
3113,0.35
3114,0.35
3115,0.35
3116,0.35
3117,0.35
3118,0.35
3119,0.35
3120,0.35
3121,0.35
3122,0.35
3123,0.35
3124,0.35
3125,0.35
3126,0.35
3127,0.35
3128,0.35
3129,0.35
3130,0.35
3131,0.35
3132,0.35
3133,0.35
3134,0.35
3135,0.35
3136,0.35
3137,0.35
3138,0.35
3139,0.35
3140,0.35
3141,0.35
3142,0.35
3143,0.35
3144,0.35
3145,0.35
3146,0.35
3147,0.35
3148,0.35
3149,0.35
3150,0.35
3151,0.35
3152,0.35
3153,0.35
3154,0.35
3155,0.35
3156,0.35
3157,0.35
3158,0.35
3159,0.35
3160,0.35
3161,0.35
3162,0.35
3163,0.35
3164,0.35
3165,0.35
3166,0.35
3167,0.35
3168,0.35
3169,0.35
3170,0.35
3171,0.35
3172,0.35
3173,0.35
3174,0.35
3175,0.35
3176,0.35
3177,0.35
3178,0.35
3179,0.35
3180,0.35
3181,0.35
3182,0.35
3183,0.35
3184,0.35
3185,0.35
3186,0.35
3187,0.35
3188,0.35
3189,0.35
3190,0.35
3191,0.35
3192,0.35
3193,0.35
3194,0.35
3195,0.35
3196,0.35
3197,0.35
3198,0.35
3199,0.35
3200,0.35
3201,0.35
3202,0.35
3203,0.35
3204,0.35
3205,0.35
3206,0.35
3207,0.35
3208,0.35
3209,0.35
3210,0.35
3211,0.35
3212,0.35
3213,0.35
3214,0.35
3215,0.35
3216,0.35
3217,0.35
3218,0.35
3219,0.35
3220,0.35
3221,0.35
3222,0.35
3223,0.35
3224,0.35
3225,0.35
3226,0.35
3227,0.35
3228,0.35
3229,0.35
3230,0.35
3231,0.35
3232,0.35
3233,0.35
3234,0.35
3235,0.35
3236,0.35
3237,0.35
3238,0.35
3239,0.35
3240,0.35
3241,0.35
3242,0.35
3243,0.35
3244,0.35
3245,0.35
3246,0.35
3247,0.35
3248,0.35
3249,0.35
3250,0.35
3251,0.35
3252,0.35
3253,0.35
3254,0.35
3255,0.35
3256,0.35
3257,0.35
3258,0.35
3259,0.35
3260,0.35
3261,0.35
3262,0.35
3263,0.35
3264,0.35
3265,0.35
3266,0.35
3267,0.35
3268,0.35
3269,0.35
3270,0.35
3271,0.35
3272,0.35
3273,0.35
3274,0.35
3275,0.35
3276,0.35
3277,0.35
3278,0.35
3279,0.35
3280,0.35
3281,0.35
3282,0.35
3283,0.35
3284,0.35
3285,0.35
3286,0.35
3287,0.35
3288,0.35
3289,0.35
3290,0.35
3291,0.35
3292,0.35
3293,0.35
3294,0.35
3295,0.35
3296,0.35
3297,0.35
3298,0.35
3299,0.35
3300,0.35
3301,0.35
3302,0.35
3303,0.35
3304,0.35
3305,0.35
3306,0.35
3307,0.35
3308,0.35
3309,0.35
3310,0.35
3311,0.35
3312,0.35
3313,0.35
3314,0.35
3315,0.35
3316,0.35
3317,0.35
3318,0.35
3319,0.35
3320,0.35
3321,0.35
3322,0.35
3323,0.35
3324,0.35
3325,0.35
3326,0.35
3327,0.35
3328,0.35
3329,0.35
3330,0.35
3331,0.35
3332,0.35
3333,0.35
3334,0.35
3335,0.35
3336,0.35
3337,0.35
3338,0.35
3339,0.35
3340,0.35
3341,0.35
3342,0.35
3343,0.35
3344,0.35
3345,0.35
3346,0.35
3347,0.35
3348,0.35
3349,0.35
3350,0.35
3351,0.35
3352,0.35
3353,0.35
3354,0.35
3355,0.35
3356,0.35
3357,0.35
3358,0.35
3359,0.35
3360,0.35
3361,0.35
3362,0.35
3363,0.35
3364,0.35
3365,0.35
3366,0.35
3367,0.35
3368,0.35
3369,0.35
3370,0.35
3371,0.35
3372,0.35
3373,0.35
3374,0.35
3375,0.35
3376,0.35
3377,0.35
3378,0.35
3379,0.35
3380,0.35
3381,0.35
3382,0.35
3383,0.35
3384,0.35
3385,0.35
3386,0.35
3387,0.35
3388,0.35
3389,0.35
3390,0.35
3391,0.35
3392,0.35
3393,0.35
3394,0.35
3395,0.35
3396,0.35
3397,0.35
3398,0.35
3399,0.35
3400,0.35
3401,0.35
3402,0.35
3403,0.35
3404,0.35
3405,0.35
3406,0.35
3407,0.35
3408,0.35
3409,0.35
3410,0.35
3411,0.35
3412,0.35
3413,0.35
3414,0.35
3415,0.35
3416,0.35
3417,0.35
3418,0.35
3419,0.35
3420,0.35
3421,0.35
3422,0.35
3423,0.35
3424,0.35
3425,0.35
3426,0.35
3427,0.35
3428,0.35
3429,0.35
3430,0.35
3431,0.35
3432,0.35
3433,0.35
3434,0.35
3435,0.35
3436,0.35
3437,0.35
3438,0.35
3439,0.35
3440,0.35
3441,0.35
3442,0.35
3443,0.35
3444,0.35
3445,0.35
3446,0.35
3447,0.35
3448,0.35
3449,0.35
3450,0.35
3451,0.35
3452,0.35
3453,0.35
3454,0.35
3455,0.35
3456,0.35
3457,0.35
3458,0.35
3459,0.35
3460,0.35
3461,0.35
3462,0.35
3463,0.35
3464,0.35
3465,0.35
3466,0.35
3467,0.35
3468,0.35
3469,0.35
3470,0.35
3471,0.35
3472,0.35
3473,0.35
3474,0.35
3475,0.35
3476,0.35
3477,0.35
3478,0.35
3479,0.35
3480,0.35
3481,0.35
3482,0.35
3483,0.35
3484,0.35
3485,0.35
3486,0.35
3487,0.35
3488,0.35
3489,0.35
3490,0.35
3491,0.35
3492,0.35
3493,0.35
3494,0.35
3495,0.35
3496,0.35
3497,0.35
3498,0.35
3499,0.35
3500,0.35
3501,0.35
3502,0.35
3503,0.35
3504,0.35
3505,0.35
3506,0.35
3507,0.35
3508,0.35
3509,0.35
3510,0.35
3511,0.35
3512,0.35
3513,0.35
3514,0.35
3515,0.35
3516,0.35
3517,0.35
3518,0.35
3519,0.35
3520,0.35
3521,0.35
3522,0.35
3523,0.35
3524,0.35
3525,0.35
3526,0.35
3527,0.35
3528,0.35
3529,0.35
3530,0.35
3531,0.35
3532,0.35
3533,0.35
3534,0.35
3535,0.35
3536,0.35
3537,0.35
3538,0.35
3539,0.35
3540,0.35
3541,0.35
3542,0.35
3543,0.35
3544,0.35
3545,0.35
3546,0.35
3547,0.35
3548,0.35
3549,0.35
3550,0.35
3551,0.35
3552,0.35
3553,0.35
3554,0.35
3555,0.35
3556,0.35
3557,0.35
3558,0.35
3559,0.35
3560,0.35
3561,0.35
3562,0.35
3563,0.35
3564,0.35
3565,0.35
3566,0.35
3567,0.35
3568,0.35
3569,0.35
3570,0.35
3571,0.35
3572,0.35
3573,0.35
3574,0.35
3575,0.35
3576,0.35
3577,0.35
3578,0.35
3579,0.35
3580,0.35
3581,0.35
3582,0.35
3583,0.35
3584,0.35
3585,0.35
3586,0.35
3587,0.35
3588,0.35
3589,0.35
3590,0.35
3591,0.35
3592,0.35
3593,0.35
3594,0.35
3595,0.35
3596,0.35
3597,0.35
3598,0.35
3599,0.35
3600,0.35
3601,0.35
3602,0.35
3603,0.35
3604,0.35
3605,0.35
3606,0.35
3607,0.35
3608,0.35
3609,0.35
3610,0.35
3611,0.35
3612,0.35
3613,0.35
3614,0.35
3615,0.35
3616,0.35
3617,0.35
3618,0.35
3619,0.35
3620,0.35
3621,0.35
3622,0.35
3623,0.35
3624,0.35
3625,0.35
3626,0.35
3627,0.35
3628,0.35
3629,0.35
3630,0.35
3631,0.35
3632,0.35
3633,0.35
3634,0.35
3635,0.35
3636,0.35
3637,0.35
3638,0.35
3639,0.35
3640,0.35
3641,0.35
3642,0.35
3643,0.35
3644,0.35
3645,0.35
3646,0.35
3647,0.35
3648,0.35
3649,0.35
3650,0.35
3651,0.35
3652,0.35
3653,0.35
3654,0.35
3655,0.35
3656,0.35
3657,0.35
3658,0.35
3659,0.35
3660,0.35
3661,0.35
3662,0.35
3663,0.35
3664,0.35
3665,0.35
3666,0.35
3667,0.35
3668,0.35
3669,0.35
3670,0.35
3671,0.35
3672,0.35
3673,0.35
3674,0.35
3675,0.35
3676,0.35
3677,0.35
3678,0.35
3679,0.35
3680,0.35
3681,0.35
3682,0.35
3683,0.35
3684,0.35
3685,0.35
3686,0.35
3687,0.35
3688,0.35
3689,0.35
3690,0.35
3691,0.35
3692,0.35
3693,0.35
3694,0.35
3695,0.35
3696,0.35
3697,0.35
3698,0.35
3699,0.35
3700,0.35
3701,0.35
3702,0.35
3703,0.35
3704,0.35
3705,0.35
3706,0.35
3707,0.35
3708,0.35
3709,0.35
3710,0.35
3711,0.35
3712,0.35
3713,0.35
3714,0.35
3715,0.35
3716,0.35
3717,0.35
3718,0.35
3719,0.35
3720,0.35
3721,0.35
3722,0.35
3723,0.35
3724,0.35
3725,0.35
3726,0.35
3727,0.35
3728,0.35
3729,0.35
3730,0.35
3731,0.35
3732,0.35
3733,0.35
3734,0.35
3735,0.35
3736,0.35
3737,0.35
3738,0.35
3739,0.35
3740,0.35
3741,0.35
3742,0.35
3743,0.35
3744,0.35
3745,0.35
3746,0.35
3747,0.35
3748,0.35
3749,0.35
3750,0.35
3751,0.35
3752,0.35
3753,0.35
3754,0.35
3755,0.35
3756,0.35
3757,0.35
3758,0.35
3759,0.35
3760,0.35
3761,0.35
3762,0.35
3763,0.35
3764,0.35
3765,0.35
3766,0.35
3767,0.35
3768,0.35
3769,0.35
3770,0.35
3771,0.35
3772,0.35
3773,0.35
3774,0.35
3775,0.35
3776,0.35
3777,0.35
3778,0.35
3779,0.35
3780,0.35
3781,0.35
3782,0.35
3783,0.35
3784,0.35
3785,0.35
3786,0.35
3787,0.35
3788,0.35
3789,0.35
3790,0.35
3791,0.35
3792,0.35
3793,0.35
3794,0.35
3795,0.35
3796,0.35
3797,0.35
3798,0.35
3799,0.35
3800,0.35
3801,0.35
3802,0.35
3803,0.35
3804,0.35
3805,0.35
3806,0.35
3807,0.35
3808,0.35
3809,0.35
3810,0.35
3811,0.35
3812,0.35
3813,0.35
3814,0.35
3815,0.35
3816,0.35
3817,0.35
3818,0.35
3819,0.35
3820,0.35
3821,0.35
3822,0.35
3823,0.35
3824,0.35
3825,0.35
3826,0.35
3827,0.35
3828,0.35
3829,0.35
3830,0.35
3831,0.35
3832,0.35
3833,0.35
3834,0.35
3835,0.35
3836,0.35
3837,0.35
3838,0.35
3839,0.35
3840,0.35
3841,0.35
3842,0.35
3843,0.35
3844,0.35
3845,0.35
3846,0.35
3847,0.35
3848,0.35
3849,0.35
3850,0.35
3851,0.35
3852,0.35
3853,0.35
3854,0.35
3855,0.35
3856,0.35
3857,0.35
3858,0.35
3859,0.35
3860,0.35
3861,0.35
3862,0.35
3863,0.35
3864,0.35
3865,0.35
3866,0.35
3867,0.35
3868,0.35
3869,0.35
3870,0.35
3871,0.35
3872,0.35
3873,0.35
3874,0.35
3875,0.35
3876,0.35
3877,0.35
3878,0.35
3879,0.35
3880,0.35
3881,0.35
3882,0.35
3883,0.35
3884,0.35
3885,0.35
3886,0.35
3887,0.35
3888,0.35
3889,0.35
3890,0.35
3891,0.35
3892,0.35
3893,0.35
3894,0.35
3895,0.35
3896,0.35
3897,0.35
3898,0.35
3899,0.35
3900,0.35
3901,0.35
3902,0.35
3903,0.35
3904,0.35
3905,0.35
3906,0.35
3907,0.35
3908,0.35
3909,0.35
3910,0.35
3911,0.35
3912,0.35
3913,0.35
3914,0.35
3915,0.35
3916,0.35
3917,0.35
3918,0.35
3919,0.35
3920,0.35
3921,0.35
3922,0.35
3923,0.35
3924,0.35
3925,0.35
3926,0.35
3927,0.35
3928,0.35
3929,0.35
3930,0.35
3931,0.35
3932,0.35
3933,0.35
3934,0.35
3935,0.35
3936,0.35
3937,0.35
3938,0.35
3939,0.35
3940,0.35
3941,0.35
3942,0.35
3943,0.35
3944,0.35
3945,0.35
3946,0.35
3947,0.35
3948,0.35
3949,0.35
3950,0.35
3951,0.35
3952,0.35
3953,0.35
3954,0.35
3955,0.35
3956,0.35
3957,0.35
3958,0.35
3959,0.35
3960,0.35
3961,0.35
3962,0.35
3963,0.35
3964,0.35
3965,0.35
3966,0.35
3967,0.35
3968,0.35
3969,0.35
3970,0.35
3971,0.35
3972,0.35
3973,0.35
3974,0.35
3975,0.35
3976,0.35
3977,0.35
3978,0.35
3979,0.35
3980,0.35
3981,0.35
3982,0.35
3983,0.35
3984,0.35
3985,0.35
3986,0.35
3987,0.35
3988,0.35
3989,0.35
3990,0.35
3991,0.35
3992,0.35
3993,0.35
3994,0.35
3995,0.35
3996,0.35
3997,0.35
3998,0.35
3999,0.35
4000,0.35
4001,0.35
4002,0.35
4003,0.35
4004,0.35
4005,0.35
4006,0.35
4007,0.35
4008,0.35
4009,0.35
4010,0.35
4011,0.35
4012,0.35
4013,0.35
4014,0.35
4015,0.35
4016,0.35
4017,0.35
4018,0.35
4019,0.35
4020,0.35
4021,0.35
4022,0.35
4023,0.35
4024,0.35
4025,0.35
4026,0.35
4027,0.35
4028,0.35
4029,0.35
4030,0.35
4031,0.35
4032,0.35
4033,0.35
4034,0.35
4035,0.35
4036,0.35
4037,0.35
4038,0.35
4039,0.35
4040,0.35
4041,0.35
4042,0.35
4043,0.35
4044,0.35
4045,0.35
4046,0.35
4047,0.35
4048,0.35
4049,0.35
4050,0.35
4051,0.35
4052,0.35
4053,0.35
4054,0.35
4055,0.35
4056,0.35
4057,0.35
4058,0.35
4059,0.35
4060,0.35
4061,0.35
4062,0.35
4063,0.35
4064,0.35
4065,0.35
4066,0.35
4067,0.35
4068,0.35
4069,0.35
4070,0.35
4071,0.35
4072,0.35
4073,0.35
4074,0.35
4075,0.35
4076,0.35
4077,0.35
4078,0.35
4079,0.35
4080,0.35
4081,0.35
4082,0.35
4083,0.35
4084,0.35
4085,0.35
4086,0.35
4087,0.35
4088,0.35
4089,0.35
4090,0.35
4091,0.35
4092,0.35
4093,0.35
4094,0.35
4095,0.35
4096,0.35
4097,0.35
4098,0.35
4099,0.35
4100,0.35
4101,0.35
4102,0.35
4103,0.35
4104,0.35
4105,0.35
4106,0.35
4107,0.35
4108,0.35
4109,0.35
4110,0.35
4111,0.35
4112,0.35
4113,0.35
4114,0.35
4115,0.35
4116,0.35
4117,0.35
4118,0.35
4119,0.35
4120,0.35
4121,0.35
4122,0.35
4123,0.35
4124,0.35
4125,0.35
4126,0.35
4127,0.35
4128,0.35
4129,0.35
4130,0.35
4131,0.35
4132,0.35
4133,0.35
4134,0.35
4135,0.35
4136,0.35
4137,0.35
4138,0.35
4139,0.35
4140,0.35
4141,0.35
4142,0.35
4143,0.35
4144,0.35
4145,0.35
4146,0.35
4147,0.35
4148,0.35
4149,0.35
4150,0.35
4151,0.35
4152,0.35
4153,0.35
4154,0.35
4155,0.35
4156,0.35
4157,0.35
4158,0.35
4159,0.35
4160,0.35
4161,0.35
4162,0.35
4163,0.35
4164,0.35
4165,0.35
4166,0.35
4167,0.35
4168,0.35
4169,0.35
4170,0.35
4171,0.35
4172,0.35
4173,0.35
4174,0.35
4175,0.35
4176,0.35
4177,0.35
4178,0.35
4179,0.35
4180,0.35
4181,0.35
4182,0.35
4183,0.35
4184,0.35
4185,0.35
4186,0.35
4187,0.35
4188,0.35
4189,0.35
4190,0.35
4191,0.35
4192,0.35
4193,0.35
4194,0.35
4195,0.35
4196,0.35
4197,0.35
4198,0.35
4199,0.35
4200,0.35
4201,0.35
4202,0.35
4203,0.35
4204,0.35
4205,0.35
4206,0.35
4207,0.35
4208,0.35
4209,0.35
4210,0.35
4211,0.35
4212,0.35
4213,0.35
4214,0.35
4215,0.35
4216,0.35
4217,0.35
4218,0.35
4219,0.35
4220,0.35
4221,0.35
4222,0.35
4223,0.35
4224,0.35
4225,0.35
4226,0.35
4227,0.35
4228,0.35
4229,0.35
4230,0.35
4231,0.35
4232,0.35
4233,0.35
4234,0.35
4235,0.35
4236,0.35
4237,0.35
4238,0.35
4239,0.35
4240,0.35
4241,0.35
4242,0.35
4243,0.35
4244,0.35
4245,0.35
4246,0.35
4247,0.35
4248,0.35
4249,0.35
4250,0.35
4251,0.35
4252,0.35
4253,0.35
4254,0.35
4255,0.35
4256,0.35
4257,0.35
4258,0.35
4259,0.35
4260,0.35
4261,0.35
4262,0.35
4263,0.35
4264,0.35
4265,0.35
4266,0.35
4267,0.35
4268,0.35
4269,0.35
4270,0.35
4271,0.35
4272,0.35
4273,0.35
4274,0.35
4275,0.35
4276,0.35
4277,0.35
4278,0.35
4279,0.35
4280,0.35
4281,0.35
4282,0.35
4283,0.35
4284,0.35
4285,0.35
4286,0.35
4287,0.35
4288,0.35
4289,0.35
4290,0.35
4291,0.35
4292,0.35
4293,0.35
4294,0.35
4295,0.35
4296,0.35
4297,0.35
4298,0.35
4299,0.35
4300,0.35
4301,0.35
4302,0.35
4303,0.35
4304,0.35
4305,0.35
4306,0.35
4307,0.35
4308,0.35
4309,0.35
4310,0.35
4311,0.35
4312,0.35
4313,0.35
4314,0.35
4315,0.35
4316,0.35
4317,0.35
4318,0.35
4319,0.35
4320,0.35
4321,0.35
4322,0.35
4323,0.35
4324,0.35
4325,0.35
4326,0.35
4327,0.35
4328,0.35
4329,0.35
4330,0.35
4331,0.35
4332,0.35
4333,0.35
4334,0.35
4335,0.35
4336,0.35
4337,0.35
4338,0.35
4339,0.35
4340,0.35
4341,0.35
4342,0.35
4343,0.35
4344,0.35
4345,0.35
4346,0.35
4347,0.35
4348,0.35
4349,0.35
4350,0.35
4351,0.35
4352,0.35
4353,0.35
4354,0.35
4355,0.35
4356,0.35
4357,0.35
4358,0.35
4359,0.35
4360,0.35
4361,0.35
4362,0.35
4363,0.35
4364,0.35
4365,0.35
4366,0.35
4367,0.35
4368,0.35
4369,0.35
4370,0.35
4371,0.35
4372,0.35
4373,0.35
4374,0.35
4375,0.35
4376,0.35
4377,0.35
4378,0.35
4379,0.35
4380,0.35
4381,0.35
4382,0.35
4383,0.35
4384,0.35
4385,0.35
4386,0.35
4387,0.35
4388,0.35
4389,0.35
4390,0.35
4391,0.35
4392,0.35
4393,0.35
4394,0.35
4395,0.35
4396,0.35
4397,0.35
4398,0.35
4399,0.35
4400,0.35
4401,0.35
4402,0.35
4403,0.35
4404,0.35
4405,0.35
4406,0.35
4407,0.35
4408,0.35
4409,0.35
4410,0.35
4411,0.35
4412,0.35
4413,0.35
4414,0.35
4415,0.35
4416,0.35
4417,0.35
4418,0.35
4419,0.35
4420,0.35
4421,0.35
4422,0.35
4423,0.35
4424,0.35
4425,0.35
4426,0.35
4427,0.35
4428,0.35
4429,0.35
4430,0.35
4431,0.35
4432,0.35
4433,0.35
4434,0.35
4435,0.35
4436,0.35
4437,0.35
4438,0.35
4439,0.35
4440,0.35
4441,0.35
4442,0.35
4443,0.35
4444,0.35
4445,0.35
4446,0.35
4447,0.35
4448,0.35
4449,0.35
4450,0.35
4451,0.35
4452,0.35
4453,0.35
4454,0.35
4455,0.35
4456,0.35
4457,0.35
4458,0.35
4459,0.35
4460,0.35
4461,0.35
4462,0.35
4463,0.35
4464,0.35
4465,0.35
4466,0.35
4467,0.35
4468,0.35
4469,0.35
4470,0.35
4471,0.35
4472,0.35
4473,0.35
4474,0.35
4475,0.35
4476,0.35
4477,0.35
4478,0.35
4479,0.35
4480,0.35
4481,0.35
4482,0.35
4483,0.35
4484,0.35
4485,0.35
4486,0.35
4487,0.35
4488,0.35
4489,0.35
4490,0.35
4491,0.35
4492,0.35
4493,0.35
4494,0.35
4495,0.35
4496,0.35
4497,0.35
4498,0.35
4499,0.35
4500,0.35
4501,0.35
4502,0.35
4503,0.35
4504,0.35
4505,0.35
4506,0.35
4507,0.35
4508,0.35
4509,0.35
4510,0.35
4511,0.35
4512,0.35
4513,0.35
4514,0.35
4515,0.35
4516,0.35
4517,0.35
4518,0.35
4519,0.35
4520,0.35
4521,0.35
4522,0.35
4523,0.35
4524,0.35
4525,0.35
4526,0.35
4527,0.35
4528,0.35
4529,0.35
4530,0.35
4531,0.35
4532,0.35
4533,0.35
4534,0.35
4535,0.35
4536,0.35
4537,0.35
4538,0.35
4539,0.35
4540,0.35
4541,0.35
4542,0.35
4543,0.35
4544,0.35
4545,0.35
4546,0.35
4547,0.35
4548,0.35
4549,0.35
4550,0.35
4551,0.35
4552,0.35
4553,0.35
4554,0.35
4555,0.35
4556,0.35
4557,0.35
4558,0.35
4559,0.35
4560,0.35
4561,0.35
4562,0.35
4563,0.35
4564,0.35
4565,0.35
4566,0.35
4567,0.35
4568,0.35
4569,0.35
4570,0.35
4571,0.35
4572,0.35
4573,0.35
4574,0.35
4575,0.35
4576,0.35
4577,0.35
4578,0.35
4579,0.35
4580,0.35
4581,0.35
4582,0.35
4583,0.35
4584,0.35
4585,0.35
4586,0.35
4587,0.35
4588,0.35
4589,0.35
4590,0.35
4591,0.35
4592,0.35
4593,0.35
4594,0.35
4595,0.35
4596,0.35
4597,0.35
4598,0.35
4599,0.35
4600,0.35
4601,0.35
4602,0.35
4603,0.35
4604,0.35
4605,0.35
4606,0.35
4607,0.35
4608,0.35
4609,0.35
4610,0.35
4611,0.35
4612,0.35
4613,0.35
4614,0.35
4615,0.35
4616,0.35
4617,0.35
4618,0.35
4619,0.35
4620,0.35
4621,0.35
4622,0.35
4623,0.35
4624,0.35
4625,0.35
4626,0.35
4627,0.35
4628,0.35
4629,0.35
4630,0.35
4631,0.35
4632,0.35
4633,0.35
4634,0.35
4635,0.35
4636,0.35
4637,0.35
4638,0.35
4639,0.35
4640,0.35
4641,0.35
4642,0.35
4643,0.35
4644,0.35
4645,0.35
4646,0.35
4647,0.35
4648,0.35
4649,0.35
4650,0.35
4651,0.35
4652,0.35
4653,0.35
4654,0.35
4655,0.35
4656,0.35
4657,0.35
4658,0.35
4659,0.35
4660,0.35
4661,0.35
4662,0.35
4663,0.35
4664,0.35
4665,0.35
4666,0.35
4667,0.35
4668,0.35
4669,0.35
4670,0.35
4671,0.35
4672,0.35
4673,0.35
4674,0.35
4675,0.35
4676,0.35
4677,0.35
4678,0.35
4679,0.35
4680,0.35
4681,0.35
4682,0.35
4683,0.35
4684,0.35
4685,0.35
4686,0.35
4687,0.35
4688,0.35
4689,0.35
4690,0.35
4691,0.35
4692,0.35
4693,0.35
4694,0.35
4695,0.35
4696,0.35
4697,0.35
4698,0.35
4699,0.35
4700,0.35
4701,0.35
4702,0.35
4703,0.35
4704,0.35
4705,0.35
4706,0.35
4707,0.35
4708,0.35
4709,0.35
4710,0.35
4711,0.35
4712,0.35
4713,0.35
4714,0.35
4715,0.35
4716,0.35
4717,0.35
4718,0.35
4719,0.35
4720,0.35
4721,0.35
4722,0.35
4723,0.35
4724,0.35
4725,0.35
4726,0.35
4727,0.35
4728,0.35
4729,0.35
4730,0.35
4731,0.35
4732,0.35
4733,0.35
4734,0.35
4735,0.35
4736,0.35
4737,0.35
4738,0.35
4739,0.35
4740,0.35
4741,0.35
4742,0.35
4743,0.35
4744,0.35
4745,0.35
4746,0.35
4747,0.35
4748,0.35
4749,0.35
4750,0.35
4751,0.35
4752,0.35
4753,0.35
4754,0.35
4755,0.35
4756,0.35
4757,0.35
4758,0.35
4759,0.35
4760,0.35
4761,0.35
4762,0.35
4763,0.35
4764,0.35
4765,0.35
4766,0.35
4767,0.35
4768,0.35
4769,0.35
4770,0.35
4771,0.35
4772,0.35
4773,0.35
4774,0.35
4775,0.35
4776,0.35
4777,0.35
4778,0.35
4779,0.35
4780,0.35
4781,0.35
4782,0.35
4783,0.35
4784,0.35
4785,0.35
4786,0.35
4787,0.35
4788,0.35
4789,0.35
4790,0.35
4791,0.35
4792,0.35
4793,0.35
4794,0.35
4795,0.35
4796,0.35
4797,0.35
4798,0.35
4799,0.35
4800,0.35
4801,0.35
4802,0.35
4803,0.35
4804,0.35
4805,0.35
4806,0.35
4807,0.35
4808,0.35
4809,0.35
4810,0.35
4811,0.35
4812,0.35
4813,0.35
4814,0.35
4815,0.35
4816,0.35
4817,0.35
4818,0.35
4819,0.35
4820,0.35
4821,0.35
4822,0.35
4823,0.35
4824,0.35
4825,0.35
4826,0.35
4827,0.35
4828,0.35
4829,0.35
4830,0.35
4831,0.35
4832,0.35
